-- --------------------------------------------------------
-- 主机:                           192.168.43.104
-- 服务器版本:                        5.7.17 - MySQL Community Server (GPL)
-- 服务器操作系统:                      Linux
-- HeidiSQL 版本:                  9.5.0.5196
-- --------------------------------------------------------

/*!40101 SET @OLD_CHARACTER_SET_CLIENT=@@CHARACTER_SET_CLIENT */;
/*!40101 SET NAMES utf8 */;
/*!50503 SET NAMES utf8mb4 */;
/*!40014 SET @OLD_FOREIGN_KEY_CHECKS=@@FOREIGN_KEY_CHECKS, FOREIGN_KEY_CHECKS=0 */;
/*!40101 SET @OLD_SQL_MODE=@@SQL_MODE, SQL_MODE='NO_AUTO_VALUE_ON_ZERO' */;


-- 导出 sell 的数据库结构
CREATE DATABASE IF NOT EXISTS `sell` /*!40100 DEFAULT CHARACTER SET utf8mb4 */;
USE `sell`;

-- 导出  表 sell.order_detail 结构
CREATE TABLE IF NOT EXISTS `order_detail` (
  `detail_id` varchar(32) NOT NULL,
  `order_id` varchar(32) NOT NULL,
  `product_id` varchar(32) NOT NULL,
  `product_name` varchar(64) NOT NULL COMMENT '商品名称',
  `product_price` decimal(8,2) NOT NULL COMMENT '商品价格',
  `product_quantity` int(11) NOT NULL COMMENT '商品数量',
  `product_icon` varchar(512) DEFAULT NULL COMMENT '商品小图',
  `create_time` timestamp NOT NULL DEFAULT CURRENT_TIMESTAMP COMMENT '创建时间',
  `update_time` timestamp NOT NULL DEFAULT CURRENT_TIMESTAMP ON UPDATE CURRENT_TIMESTAMP COMMENT '修改时间',
  PRIMARY KEY (`detail_id`),
  KEY `idx_order_id` (`order_id`)
) ENGINE=InnoDB DEFAULT CHARSET=utf8mb4 COMMENT='订单详情表';

-- 正在导出表  sell.order_detail 的数据：~98 rows (大约)
/*!40000 ALTER TABLE `order_detail` DISABLE KEYS */;
INSERT IGNORE INTO `order_detail` (`detail_id`, `order_id`, `product_id`, `product_name`, `product_price`, `product_quantity`, `product_icon`, `create_time`, `update_time`) VALUES
	('1234567810', '123456', '1', '土豆丝', 7.00, 3, 'http://xxxx.jpg', '2019-01-25 13:09:39', '2019-01-25 17:45:52'),
	('1548421997494242873', '1548421925154780361', '1', '土豆丝', 7.00, 1, 'http://xxx.jpg', '2019-01-25 21:14:26', '2019-01-25 21:14:26'),
	('1548422007334439108', '1548421925154780361', '2', '皮皮虾', 15.00, 2, 'http://xxxxx.jpg', '2019-01-25 21:14:26', '2019-01-25 21:14:26'),
	('1548422085363933600', '1548422085245737798', '1', '土豆丝', 7.00, 1, 'http://xxx.jpg', '2019-01-25 21:15:39', '2019-01-25 21:15:39'),
	('1548422093427756193', '1548422085245737798', '2', '皮皮虾', 15.00, 2, 'http://xxxxx.jpg', '2019-01-25 21:15:39', '2019-01-25 21:15:39'),
	('1548422159118758134', '1548422159006821307', '1', '土豆丝', 7.00, 1, 'http://xxx.jpg', '2019-01-25 21:16:52', '2019-01-25 21:16:52'),
	('1548422162755917782', '1548422159006821307', '2', '皮皮虾', 15.00, 2, 'http://xxxxx.jpg', '2019-01-25 21:16:52', '2019-01-25 21:16:52'),
	('1548422945137593233', '1548422944819159555', '1', '土豆丝', 7.00, 1, 'http://xxx.jpg', '2019-01-25 21:34:04', '2019-01-25 21:34:04'),
	('1548422945231862135', '1548422944819159555', '2', '皮皮虾', 15.00, 2, 'http://xxxxx.jpg', '2019-01-25 21:34:04', '2019-01-25 21:34:04'),
	('1548423260479238618', '1548423260397833903', '1', '土豆丝', 7.00, 1, 'http://xxx.jpg', '2019-01-25 21:34:17', '2019-01-25 21:34:17'),
	('1548423260503191118', '1548423260397833903', '2', '皮皮虾', 15.00, 2, 'http://xxxxx.jpg', '2019-01-25 21:34:17', '2019-01-25 21:34:17'),
	('1548581601495469110', '1548581601162342985', '2', '皮皮虾', 15.00, 2, 'http://xxxxx.jpg', '2019-01-27 17:33:20', '2019-01-27 17:33:20'),
	('1548582698096518962', '1548582697789536029', '2', '皮皮虾', 15.00, 2, 'http://xxxxx.jpg', '2019-01-27 17:51:37', '2019-01-27 17:51:37'),
	('1549437012272727306', '1549437012218219280', '1', '土豆丝', 0.01, 1, 'http://img95.699pic.com/photo/50008/2463.jpg_wh300.jpg', '2019-02-06 15:10:05', '2019-02-06 15:10:05'),
	('1550326654405943656', '1550326653457260868', '2', '皮皮虾', 0.01, 2, 'http://img95.699pic.com/photo/50062/1545.jpg_wh300.jpg', '2019-02-16 22:17:23', '2019-02-16 22:17:23'),
	('1550326888127957263', '1550326888108533088', '2', '皮皮虾', 0.01, 2, 'http://img95.699pic.com/photo/50062/1545.jpg_wh300.jpg', '2019-02-16 22:21:16', '2019-02-16 22:21:16'),
	('1550327532058283064', '1550327532052419351', '2', '皮皮虾', 0.01, 2, 'http://img95.699pic.com/photo/50062/1545.jpg_wh300.jpg', '2019-02-16 22:32:00', '2019-02-16 22:32:00'),
	('1550328069695828681', '1550328069652764123', '2', '皮皮虾', 0.01, 2, 'http://img95.699pic.com/photo/50062/1545.jpg_wh300.jpg', '2019-02-16 22:40:58', '2019-02-16 22:40:58'),
	('1550328100042940704', '1550328100039663981', '2', '皮皮虾', 0.01, 2, 'http://img95.699pic.com/photo/50062/1545.jpg_wh300.jpg', '2019-02-16 22:41:28', '2019-02-16 22:41:28'),
	('1550469991019952941', '1550469980712610993', '2', '皮皮虾', 0.01, 2, 'http://img95.699pic.com/photo/50062/1545.jpg_wh300.jpg', '2019-02-18 14:06:20', '2019-02-18 14:06:20'),
	('1550470051707686846', '1550470051704932539', '2', '皮皮虾', 0.01, 2, 'http://img95.699pic.com/photo/50062/1545.jpg_wh300.jpg', '2019-02-18 14:07:19', '2019-02-18 14:07:19'),
	('1550470217910693842', '1550470217907653796', '2', '皮皮虾', 0.01, 2, 'http://img95.699pic.com/photo/50062/1545.jpg_wh300.jpg', '2019-02-18 14:10:05', '2019-02-18 14:10:05'),
	('1550470287095251526', '1550470287093764380', '2', '皮皮虾', 0.01, 2, 'http://img95.699pic.com/photo/50062/1545.jpg_wh300.jpg', '2019-02-18 14:11:14', '2019-02-18 14:11:14'),
	('1550470308897409607', '1550470308895157584', '2', '皮皮虾', 0.01, 2, 'http://img95.699pic.com/photo/50062/1545.jpg_wh300.jpg', '2019-02-18 14:11:36', '2019-02-18 14:11:36'),
	('1550470436515815255', '1550470436511686534', '2', '皮皮虾', 0.01, 2, 'http://img95.699pic.com/photo/50062/1545.jpg_wh300.jpg', '2019-02-18 14:13:43', '2019-02-18 14:13:43'),
	('1551182914441202716', '1551182914256244904', '2', '皮皮虾', 0.01, 1, 'http://img95.699pic.com/photo/50062/1545.jpg_wh300.jpg', '2019-02-26 20:08:33', '2019-02-26 20:08:33'),
	('1551182915795964224', '1551182915792885989', '2', '皮皮虾', 0.01, 1, 'http://img95.699pic.com/photo/50062/1545.jpg_wh300.jpg', '2019-02-26 20:08:34', '2019-02-26 20:08:34'),
	('1551182917420860116', '1551182917416930984', '2', '皮皮虾', 0.01, 1, 'http://img95.699pic.com/photo/50062/1545.jpg_wh300.jpg', '2019-02-26 20:08:34', '2019-02-26 20:08:34'),
	('1551183469316222859', '1551183469305909062', '2', '皮皮虾', 0.01, 2, 'http://img95.699pic.com/photo/50062/1545.jpg_wh300.jpg', '2019-02-26 20:17:46', '2019-02-26 20:17:46'),
	('1551183701810484029', '1551183700324277385', '2', '皮皮虾', 0.01, 2, 'http://img95.699pic.com/photo/50062/1545.jpg_wh300.jpg', '2019-02-26 20:21:40', '2019-02-26 20:21:40'),
	('1551183754189946181', '1551183754187518122', '2', '皮皮虾', 0.01, 2, 'http://img95.699pic.com/photo/50062/1545.jpg_wh300.jpg', '2019-02-26 20:22:31', '2019-02-26 20:22:31'),
	('1551183851050619822', '1551183850853359455', '2', '皮皮虾', 0.01, 2, 'http://img95.699pic.com/photo/50062/1545.jpg_wh300.jpg', '2019-02-26 20:24:08', '2019-02-26 20:24:08'),
	('1551184692200754624', '1551184692200371853', '2', '皮皮虾', 0.01, 1, 'http://img95.699pic.com/photo/50062/1545.jpg_wh300.jpg', '2019-02-26 20:38:09', '2019-02-26 20:38:09'),
	('1551184785565495551', '1551184785563941599', '2', '皮皮虾', 0.01, 2, 'http://img95.699pic.com/photo/50062/1545.jpg_wh300.jpg', '2019-02-26 20:39:42', '2019-02-26 20:39:42'),
	('1551250613489497445', '1551250612788566862', '1', '土豆丝', 0.01, 1, 'http://img95.699pic.com/photo/50008/2463.jpg_wh300.jpg', '2019-02-27 14:56:50', '2019-02-27 14:56:50'),
	('1551250614223356543', '1551250614215818978', '1', '土豆丝', 0.01, 1, 'http://img95.699pic.com/photo/50008/2463.jpg_wh300.jpg', '2019-02-27 14:56:51', '2019-02-27 14:56:51'),
	('1551250756324385321', '1551250756320836901', '1', '土豆丝', 0.01, 1, 'http://img95.699pic.com/photo/50008/2463.jpg_wh300.jpg', '2019-02-27 14:59:13', '2019-02-27 14:59:13'),
	('1551250853256934589', '1551250853248187980', '1', '土豆丝', 0.01, 1, 'http://img95.699pic.com/photo/50008/2463.jpg_wh300.jpg', '2019-02-27 15:00:50', '2019-02-27 15:00:50'),
	('1551270355572627931', '1551270355195607921', '2', '皮皮虾', 0.01, 1, 'http://img95.699pic.com/photo/50062/1545.jpg_wh300.jpg', '2019-02-27 20:25:53', '2019-02-27 20:25:53'),
	('1551270960600149197', '1551270960302904763', '2', '皮皮虾', 0.01, 1, 'http://img95.699pic.com/photo/50062/1545.jpg_wh300.jpg', '2019-02-27 20:35:58', '2019-02-27 20:35:58'),
	('1551276836219758209', '1551276835123311911', '1549529208813110193', '鸡翅', 0.01, 1, 'http://img95.699pic.com/photo/50099/8476.jpg_wh300.jpg', '2019-02-27 22:13:53', '2019-02-27 22:13:53'),
	('1551332443685568223', '1551332443409576943', '1', '土豆丝', 0.01, 1, 'http://img95.699pic.com/photo/50008/2463.jpg_wh300.jpg', '2019-02-28 13:40:41', '2019-02-28 13:40:41'),
	('1551334518586121298', '1551334518494480653', '1', '土豆丝', 0.01, 1, 'http://img95.699pic.com/photo/50008/2463.jpg_wh300.jpg', '2019-02-28 14:15:16', '2019-02-28 14:15:16'),
	('1551334875522566687', '1551334875515527012', '1', '土豆丝', 0.01, 1, 'http://img95.699pic.com/photo/50008/2463.jpg_wh300.jpg', '2019-02-28 14:21:12', '2019-02-28 14:21:12'),
	('1551335225322819807', '1551335225035435847', '1', '土豆丝', 0.01, 1, 'http://img95.699pic.com/photo/50008/2463.jpg_wh300.jpg', '2019-02-28 14:27:02', '2019-02-28 14:27:02'),
	('1551336056799624878', '1551336056548128233', '1', '土豆丝', 0.01, 1, 'http://img95.699pic.com/photo/50008/2463.jpg_wh300.jpg', '2019-02-28 14:40:54', '2019-02-28 14:40:54'),
	('1551336393837554459', '1551336393328770942', '1', '土豆丝', 0.01, 1, 'http://img95.699pic.com/photo/50008/2463.jpg_wh300.jpg', '2019-02-28 14:46:31', '2019-02-28 14:46:31'),
	('1551336394607289031', '1551336394602315961', '1', '土豆丝', 0.01, 1, 'http://img95.699pic.com/photo/50008/2463.jpg_wh300.jpg', '2019-02-28 14:46:31', '2019-02-28 14:46:31'),
	('1551336671219835802', '1551336670921487946', '1', '土豆丝', 0.01, 1, 'http://img95.699pic.com/photo/50008/2463.jpg_wh300.jpg', '2019-02-28 14:51:08', '2019-02-28 14:51:08'),
	('1551337085666214117', '1551337085516495839', '1', '土豆丝', 0.01, 1, 'http://img95.699pic.com/photo/50008/2463.jpg_wh300.jpg', '2019-02-28 14:58:03', '2019-02-28 14:58:03'),
	('1551337952627403101', '1551337952568708198', '1', '土豆丝', 0.01, 1, 'http://img95.699pic.com/photo/50008/2463.jpg_wh300.jpg', '2019-02-28 15:12:29', '2019-02-28 15:12:29'),
	('1551601227790625179', '1551601227238137301', '1549529208813110193', '鸡翅', 0.01, 1, 'http://img95.699pic.com/photo/50099/8476.jpg_wh300.jpg', '2019-03-03 16:09:10', '2019-03-03 16:09:10'),
	('1551601885731447136', '1551601885539593782', '1', '土豆丝', 0.01, 1, 'http://img95.699pic.com/photo/50008/2463.jpg_wh300.jpg', '2019-03-03 16:20:08', '2019-03-03 16:20:08'),
	('1551603259261401213', '1551603258986302454', '1', '土豆丝', 0.01, 1, 'http://img95.699pic.com/photo/50008/2463.jpg_wh300.jpg', '2019-03-03 16:43:59', '2019-03-03 16:43:59'),
	('1551603520465321915', '1551603520459410377', '1', '土豆丝', 0.01, 1, 'http://img95.699pic.com/photo/50008/2463.jpg_wh300.jpg', '2019-03-03 16:48:41', '2019-03-03 16:48:41'),
	('1551603826822699003', '1551603826788381836', '1', '土豆丝', 0.01, 1, 'http://img95.699pic.com/photo/50008/2463.jpg_wh300.jpg', '2019-03-03 16:54:13', '2019-03-03 16:54:13'),
	('1551677388683411513', '1551677387983269736', '1', '土豆丝', 0.01, 1, 'http://img95.699pic.com/photo/50008/2463.jpg_wh300.jpg', '2019-03-04 13:18:32', '2019-03-04 13:18:32'),
	('1551677418464175847', '1551677418460702912', '1', '土豆丝', 0.01, 1, 'http://img95.699pic.com/photo/50008/2463.jpg_wh300.jpg', '2019-03-04 13:19:01', '2019-03-04 13:19:01'),
	('1551677442021546592', '1551677442017694543', '1', '土豆丝', 0.01, 1, 'http://img95.699pic.com/photo/50008/2463.jpg_wh300.jpg', '2019-03-04 13:19:25', '2019-03-04 13:19:25'),
	('1551677481390217056', '1551677481382949802', '1', '土豆丝', 0.01, 1, 'http://img95.699pic.com/photo/50008/2463.jpg_wh300.jpg', '2019-03-04 13:20:04', '2019-03-04 13:20:04'),
	('1551760596603847233', '1551760596388462132', '1', '土豆丝', 0.01, 1, 'http://img95.699pic.com/photo/50008/2463.jpg_wh300.jpg', '2019-03-05 12:25:20', '2019-03-05 12:25:20'),
	('1551760975451664555', '1551760975271940379', '1', '土豆丝', 0.01, 1, 'http://img95.699pic.com/photo/50008/2463.jpg_wh300.jpg', '2019-03-05 12:31:38', '2019-03-05 12:31:38'),
	('1551761191735861176', '1551761191415684890', '1', '土豆丝', 0.01, 1, 'http://img95.699pic.com/photo/50008/2463.jpg_wh300.jpg', '2019-03-05 12:35:15', '2019-03-05 12:35:15'),
	('1551761236106743533', '1551761236098417803', '1', '土豆丝', 0.01, 1, 'http://img95.699pic.com/photo/50008/2463.jpg_wh300.jpg', '2019-03-05 12:35:59', '2019-03-05 12:35:59'),
	('1551762201031380994', '1551762200597486001', '1', '土豆丝', 0.01, 1, 'http://img95.699pic.com/photo/50008/2463.jpg_wh300.jpg', '2019-03-05 12:52:04', '2019-03-05 12:52:04'),
	('1551762248376135808', '1551762248370733674', '1', '土豆丝', 0.01, 1, 'http://img95.699pic.com/photo/50008/2463.jpg_wh300.jpg', '2019-03-05 12:52:51', '2019-03-05 12:52:51'),
	('1551763629515671098', '1551763628995922728', '1', '土豆丝', 0.01, 1, 'http://img95.699pic.com/photo/50008/2463.jpg_wh300.jpg', '2019-03-05 13:15:53', '2019-03-05 13:15:53'),
	('1551763845497103233', '1551763845396884412', '1', '土豆丝', 0.01, 1, 'http://img95.699pic.com/photo/50008/2463.jpg_wh300.jpg', '2019-03-05 13:19:28', '2019-03-05 13:19:28'),
	('1554904534802854766', '1554904534796548690', '2', '皮皮虾', 0.01, 2, 'http://img95.699pic.com/photo/50062/1545.jpg_wh300.jpg', '2019-04-10 21:55:26', '2019-04-10 21:55:26'),
	('1556944851370861467', '1556944851230171799', '1549529208813110193', '鸡翅', 0.01, 1, 'http://img95.699pic.com/photo/50099/8476.jpg_wh300.jpg', '2019-05-04 12:40:47', '2019-05-04 12:40:47'),
	('1556944976690143013', '1556944976688562623', '1549529208813110193', '鸡翅', 0.01, 1, 'http://img95.699pic.com/photo/50099/8476.jpg_wh300.jpg', '2019-05-04 12:42:52', '2019-05-04 12:42:52'),
	('1556945191085274574', '1556945190877411664', '1549529208813110193', '鸡翅', 0.01, 1, 'http://img95.699pic.com/photo/50099/8476.jpg_wh300.jpg', '2019-05-04 12:46:26', '2019-05-04 12:46:26'),
	('1556945260479953476', '1556945260477907865', '1549529208813110193', '鸡翅', 0.01, 1, 'http://img95.699pic.com/photo/50099/8476.jpg_wh300.jpg', '2019-05-04 12:47:36', '2019-05-04 12:47:36'),
	('1556945310835204338', '1556945310833664086', '1549529208813110193', '鸡翅', 0.01, 1, 'http://img95.699pic.com/photo/50099/8476.jpg_wh300.jpg', '2019-05-04 12:48:26', '2019-05-04 12:48:26'),
	('1556945359441503046', '1556945359439202529', '1549529208813110193', '鸡翅', 0.01, 1, 'http://img95.699pic.com/photo/50099/8476.jpg_wh300.jpg', '2019-05-04 12:49:15', '2019-05-04 12:49:15'),
	('1556945401051147920', '1556945401049322466', '1549529208813110193', '鸡翅', 0.01, 1, 'http://img95.699pic.com/photo/50099/8476.jpg_wh300.jpg', '2019-05-04 12:49:56', '2019-05-04 12:49:56'),
	('1556945434570240205', '1556945434569453010', '1549529208813110193', '鸡翅', 0.01, 1, 'http://img95.699pic.com/photo/50099/8476.jpg_wh300.jpg', '2019-05-04 12:50:30', '2019-05-04 12:50:30'),
	('1557933035394671150', '1557933035368696126', '2', '皮皮虾', 0.01, 2, 'http://img95.699pic.com/photo/50062/1545.jpg_wh300.jpg', '2019-05-15 23:10:31', '2019-05-15 23:10:31'),
	('1557933077290918925', '1557933077285548233', '2', '皮皮虾', 0.01, 2, 'http://img95.699pic.com/photo/50062/1545.jpg_wh300.jpg', '2019-05-15 23:11:13', '2019-05-15 23:11:13'),
	('1557933097960470813', '1557933097900343032', '2', '皮皮虾', 0.01, 2, 'http://img95.699pic.com/photo/50062/1545.jpg_wh300.jpg', '2019-05-15 23:11:33', '2019-05-15 23:11:33'),
	('1557933182580883838', '1557933182576296864', '2', '皮皮虾', 0.01, 2, 'http://img95.699pic.com/photo/50062/1545.jpg_wh300.jpg', '2019-05-15 23:12:58', '2019-05-15 23:12:58'),
	('1557933329894357728', '1557933329478553002', '2', '皮皮虾', 0.01, 2, 'http://img95.699pic.com/photo/50062/1545.jpg_wh300.jpg', '2019-05-15 23:15:25', '2019-05-15 23:15:25'),
	('1557933358548640226', '1557933358545443315', '2', '皮皮虾', 0.01, 2, 'http://img95.699pic.com/photo/50062/1545.jpg_wh300.jpg', '2019-05-15 23:15:54', '2019-05-15 23:15:54'),
	('1557933383105492117', '1557933383101832454', '2', '皮皮虾', 0.01, 2, 'http://img95.699pic.com/photo/50062/1545.jpg_wh300.jpg', '2019-05-15 23:16:18', '2019-05-15 23:16:18'),
	('1557934651606638940', '1557934651235469389', '2', '皮皮虾', 0.01, 2, 'http://img95.699pic.com/photo/50062/1545.jpg_wh300.jpg', '2019-05-15 23:37:27', '2019-05-15 23:37:27'),
	('1557934813008361898', '1557934813002846897', '2', '皮皮虾', 0.01, 2, 'http://img95.699pic.com/photo/50062/1545.jpg_wh300.jpg', '2019-05-15 23:40:08', '2019-05-15 23:40:08'),
	('1557934930448773855', '1557934930446911515', '2', '皮皮虾', 0.01, 2, 'http://img95.699pic.com/photo/50062/1545.jpg_wh300.jpg', '2019-05-15 23:42:06', '2019-05-15 23:42:06'),
	('1557935257003575407', '1557935256987368433', '2', '皮皮虾', 0.01, 2, 'http://img95.699pic.com/photo/50062/1545.jpg_wh300.jpg', '2019-05-15 23:47:32', '2019-05-15 23:47:32'),
	('1557935287219575979', '1557935287216561240', '2', '皮皮虾', 0.01, 2, 'http://img95.699pic.com/photo/50062/1545.jpg_wh300.jpg', '2019-05-15 23:48:03', '2019-05-15 23:48:03'),
	('1557935509845256029', '1557935509779531784', '2', '皮皮虾', 0.01, 2, 'http://img95.699pic.com/photo/50062/1545.jpg_wh300.jpg', '2019-05-15 23:51:45', '2019-05-15 23:51:45'),
	('1557935923462469895', '1557935923373553005', '2', '皮皮虾', 0.01, 2, 'http://img95.699pic.com/photo/50062/1545.jpg_wh300.jpg', '2019-05-15 23:58:39', '2019-05-15 23:58:39'),
	('1557935931187255679', '1557935931184590335', '2', '皮皮虾', 0.01, 2, 'http://img95.699pic.com/photo/50062/1545.jpg_wh300.jpg', '2019-05-15 23:58:46', '2019-05-15 23:58:46'),
	('1557935944243906098', '1557935944238220558', '2', '皮皮虾', 0.01, 2, 'http://img95.699pic.com/photo/50062/1545.jpg_wh300.jpg', '2019-05-15 23:58:59', '2019-05-15 23:58:59'),
	('1557980642625952017', '1557980642496599870', '2', '皮皮虾', 0.01, 2, 'http://img95.699pic.com/photo/50062/1545.jpg_wh300.jpg', '2019-05-16 12:23:58', '2019-05-16 12:23:58'),
	('1557980884926159079', '1557980884922233503', '2', '皮皮虾', 0.01, 2, 'http://img95.699pic.com/photo/50062/1545.jpg_wh300.jpg', '2019-05-16 12:28:01', '2019-05-16 12:28:01'),
	('1557981527589215924', '1557981527447418595', '2', '皮皮虾', 0.01, 2, 'http://img95.699pic.com/photo/50062/1545.jpg_wh300.jpg', '2019-05-16 12:38:44', '2019-05-16 12:38:44'),
	('1558233085567685147', '1558233085559573003', '1', '土豆丝', 0.01, 1, 'http://img95.699pic.com/photo/50008/2463.jpg_wh300.jpg', '2019-05-19 10:31:21', '2019-05-19 10:31:21'),
	('1558233137850714347', '1558233137842889643', '1', '土豆丝', 0.01, 1, 'http://img95.699pic.com/photo/50008/2463.jpg_wh300.jpg', '2019-05-19 10:32:14', '2019-05-19 10:32:14');
/*!40000 ALTER TABLE `order_detail` ENABLE KEYS */;

-- 导出  表 sell.order_master 结构
CREATE TABLE IF NOT EXISTS `order_master` (
  `order_id` varchar(32) NOT NULL,
  `buyer_name` varchar(32) NOT NULL COMMENT '买家姓名',
  `buyer_phone` varchar(32) NOT NULL COMMENT '买家电话',
  `buyer_address` varchar(128) NOT NULL COMMENT '买家地址',
  `buyer_openid` varchar(64) NOT NULL COMMENT '买家微信',
  `order_amount` decimal(8,2) NOT NULL COMMENT '订单总金额',
  `order_status` tinyint(3) NOT NULL DEFAULT '0' COMMENT '订单状态，默认0新下单',
  `pay_status` tinyint(3) NOT NULL DEFAULT '0' COMMENT '支付状态，默认0未支付',
  `create_time` timestamp NOT NULL DEFAULT CURRENT_TIMESTAMP COMMENT '创建时间',
  `update_time` timestamp NOT NULL DEFAULT CURRENT_TIMESTAMP ON UPDATE CURRENT_TIMESTAMP COMMENT '修改时间',
  PRIMARY KEY (`order_id`),
  KEY `idx_buyer_openid` (`buyer_openid`)
) ENGINE=InnoDB DEFAULT CHARSET=utf8mb4 COMMENT='订单表';

-- 正在导出表  sell.order_master 的数据：~39 rows (大约)
/*!40000 ALTER TABLE `order_master` DISABLE KEYS */;
INSERT IGNORE INTO `order_master` (`order_id`, `buyer_name`, `buyer_phone`, `buyer_address`, `buyer_openid`, `order_amount`, `order_status`, `pay_status`, `create_time`, `update_time`) VALUES
	('123456', '百里守约', '18473827552', '长城守卫城', '12138', 15.00, 2, 1, '2019-01-26 15:42:38', '2019-02-07 12:25:34'),
	('1548421925154780361', '百里守约', '18473827552', '长城守卫城', '12138', 37.00, 2, 0, '2019-01-25 21:14:26', '2019-05-19 10:27:22'),
	('1548422085245737798', '百里守约', '18473827552', '长城守卫城', '12138', 37.00, 2, 0, '2019-01-25 21:15:39', '2019-01-27 20:02:41'),
	('1548422159006821307', '百里守约', '18473827552', '长城守卫城', '12138', 37.00, 0, 0, '2019-01-25 21:16:52', '2019-01-25 21:16:52'),
	('1548422944819159555', '百里守约', '18473827552', '长城守卫城', 'oTgZpwWye7pZV1gc20Bf7z1rl1VA', 0.01, 0, 0, '2019-01-25 21:34:04', '2019-02-12 13:38:21'),
	('1548423260397833903', '百里守约', '18473827552', '长城守卫城', '12138', 37.00, 1, 0, '2019-01-25 21:34:17', '2019-02-07 13:16:10'),
	('1548582697789536029', '百里玄策', '12312312312', '长城守卫总部', 'oTgZpwWye7pZV1gc20Bf7z1rl1VA', 30.00, 2, 0, '2019-01-27 17:51:37', '2019-02-12 15:22:15'),
	('1550326888108533088', '百里玄策', '12312312312', '长城守卫总部', 'bailixuance', 0.02, 0, 0, '2019-02-16 22:21:16', '2019-02-16 22:21:16'),
	('1550327532052419351', '百里玄策', '12312312312', '长城守卫总部', 'bailixuance', 0.02, 0, 0, '2019-02-16 22:32:00', '2019-02-16 22:32:00'),
	('1550328069652764123', '百里玄策', '12312312312', '长城守卫总部', 'bailixuance', 0.02, 2, 0, '2019-02-16 22:40:58', '2019-05-16 15:42:59'),
	('1550328100039663981', '百里玄策', '12312312312', '长城守卫总部', 'bailixuance', 0.02, 0, 0, '2019-02-16 22:41:28', '2019-02-16 22:41:28'),
	('1550469980712610993', '百里玄策', '12312312312', '长城守卫总部', 'bailixuance', 0.02, 0, 0, '2019-02-18 14:06:20', '2019-02-18 14:06:20'),
	('1550470051704932539', '百里玄策', '12312312312', '长城守卫总部', 'bailixuance', 0.02, 0, 0, '2019-02-18 14:07:19', '2019-02-18 14:07:19'),
	('1550470217907653796', '百里玄策', '12312312312', '长城守卫总部', 'bailixuance', 0.02, 0, 0, '2019-02-18 14:10:05', '2019-02-18 14:10:05'),
	('1550470287093764380', '百里玄策', '12312312312', '长城守卫总部', 'bailixuance', 0.02, 0, 0, '2019-02-18 14:11:14', '2019-02-18 14:11:14'),
	('1550470308895157584', '百里玄策', '12312312312', '长城守卫总部', 'bailixuance', 0.02, 0, 0, '2019-02-18 14:11:36', '2019-02-18 14:11:36'),
	('1550470436511686534', '百里玄策', '12312312311', '长城守卫总部', 'bailixuance', 0.02, 0, 0, '2019-02-18 14:13:43', '2019-02-18 14:15:37'),
	('1551182914256244904', '百里守约', '123123123', '长城守卫总部', 'oTgZpwWye7pZV1gc20Bf7z1rl1VA', 0.01, 0, 0, '2019-02-26 20:08:34', '2019-02-26 20:08:34'),
	('1551182915792885989', '百里守约', '123123123', '长城守卫总部', 'oTgZpwWye7pZV1gc20Bf7z1rl1VA', 0.01, 0, 0, '2019-02-26 20:08:34', '2019-02-26 20:08:34'),
	('1551182917416930984', '百里守约', '123123123', '长城守卫总部', 'oTgZpwWye7pZV1gc20Bf7z1rl1VA', 0.01, 2, 0, '2019-02-26 20:08:34', '2019-02-26 20:09:22'),
	('1551183469305909062', '百里玄策', '12312312312', '长城守卫总部', 'bailixuance', 0.02, 0, 0, '2019-02-26 20:17:46', '2019-02-26 20:17:46'),
	('1551183700324277385', '百里玄策', '12312312312', '长城守卫总部', 'bailixuance', 0.02, 0, 0, '2019-02-26 20:21:40', '2019-02-26 20:21:40'),
	('1551183754187518122', '百里玄策', '12312312312', '长城守卫总部', 'bailixuance', 0.02, 0, 0, '2019-02-26 20:22:31', '2019-02-26 20:22:31'),
	('1551183850853359455', '百里玄策', '12312312312', '长城守卫总部', 'bailixuance', 0.02, 0, 0, '2019-02-26 20:24:08', '2019-02-26 20:24:08'),
	('1551184785563941599', '百里玄策', '12312312312', '长城守卫总部', 'bailixuance', 0.02, 0, 0, '2019-02-26 20:39:42', '2019-02-26 20:39:42'),
	('1551763628995922728', '测试', '123456', '测试', 'oTgZpwWye7pZV1gc20Bf7z1rl1VA', 0.01, 0, 1, '2019-03-05 13:15:53', '2019-03-05 13:16:09'),
	('1551763845396884412', '测试', '123456798', '测试开发', 'oTgZpwWye7pZV1gc20Bf7z1rl1VA', 0.01, 0, 1, '2019-03-05 13:19:28', '2019-03-05 13:19:40'),
	('1554904534796548690', '百里玄策', '12312312312', '长城守卫总部', 'bailixuance', 0.02, 2, 0, '2019-04-10 21:55:27', '2019-04-10 21:56:54'),
	('1556944851230171799', '哈哈哈', '123456', '哈哈哈', 'oTgZpwWye7pZV1gc20Bf7z1rl1VA', 0.01, 0, 1, '2019-05-04 12:40:47', '2019-05-04 12:41:02'),
	('1556944976688562623', '测试', '123456789', '测试', 'oTgZpwWye7pZV1gc20Bf7z1rl1VA', 0.01, 0, 1, '2019-05-04 12:42:52', '2019-05-04 12:43:01'),
	('1556945190877411664', '哈哈哈', '123456789', '哈哈哈', 'oTgZpwWye7pZV1gc20Bf7z1rl1VA', 0.01, 0, 1, '2019-05-04 12:46:26', '2019-05-04 12:46:52'),
	('1556945260477907865', '哈哈哈', '123456', '哈哈哈', 'oTgZpwWye7pZV1gc20Bf7z1rl1VA', 0.01, 0, 1, '2019-05-04 12:47:36', '2019-05-04 12:47:50'),
	('1556945310833664086', '哈哈哈', '123', '哈哈哈', 'oTgZpwWye7pZV1gc20Bf7z1rl1VA', 0.01, 0, 1, '2019-05-04 12:48:26', '2019-05-04 12:48:44'),
	('1556945359439202529', '哈哈哈', '123', '哈哈哈', 'oTgZpwWye7pZV1gc20Bf7z1rl1VA', 0.01, 0, 0, '2019-05-04 12:49:15', '2019-05-04 12:49:15'),
	('1556945401049322466', '哈哈哈', '123', '哈哈哈', 'oTgZpwWye7pZV1gc20Bf7z1rl1VA', 0.01, 0, 1, '2019-05-04 12:49:56', '2019-05-04 12:50:04'),
	('1556945434569453010', '哈哈', '123', '哈哈', 'oTgZpwWye7pZV1gc20Bf7z1rl1VA', 0.01, 0, 0, '2019-05-04 12:50:30', '2019-05-04 12:50:30'),
	('1557980642496599870', '百里', '15581142578', '长城守卫总部', 'bailixuance', 0.02, 0, 0, '2019-05-16 12:24:00', '2019-05-16 12:24:00'),
	('1557980884922233503', '百里', '15581142578', '长城守卫总部', 'bailixuance', 0.02, 0, 0, '2019-05-16 12:28:01', '2019-05-16 12:28:01'),
	('1557981527447418595', '百里', '15581142578', '长城守卫总部', 'bailixuance', 0.02, 0, 0, '2019-05-16 12:38:44', '2019-05-16 12:38:44');
/*!40000 ALTER TABLE `order_master` ENABLE KEYS */;

-- 导出  表 sell.product_category 结构
CREATE TABLE IF NOT EXISTS `product_category` (
  `category_id` int(11) NOT NULL AUTO_INCREMENT,
  `category_name` varchar(64) NOT NULL COMMENT '类目名字',
  `category_type` int(11) NOT NULL COMMENT '类目编号',
  `create_time` timestamp NOT NULL DEFAULT CURRENT_TIMESTAMP COMMENT '创建时间',
  `update_time` timestamp NOT NULL DEFAULT CURRENT_TIMESTAMP ON UPDATE CURRENT_TIMESTAMP COMMENT '修改时间',
  PRIMARY KEY (`category_id`),
  UNIQUE KEY `product_infouqe_category_type` (`category_type`)
) ENGINE=InnoDB AUTO_INCREMENT=4 DEFAULT CHARSET=utf8mb4 COMMENT='类目表';

-- 正在导出表  sell.product_category 的数据：~3 rows (大约)
/*!40000 ALTER TABLE `product_category` DISABLE KEYS */;
INSERT IGNORE INTO `product_category` (`category_id`, `category_name`, `category_type`, `create_time`, `update_time`) VALUES
	(1, '热销', 1, '2019-01-24 11:32:42', '2019-02-28 13:11:24'),
	(2, '女生最爱', 2, '2019-01-24 11:33:09', '2019-02-28 11:37:56'),
	(3, '男生最爱', 3, '2019-02-26 20:34:36', '2019-02-26 20:34:36');
/*!40000 ALTER TABLE `product_category` ENABLE KEYS */;

-- 导出  表 sell.product_info 结构
CREATE TABLE IF NOT EXISTS `product_info` (
  `product_id` varchar(32) NOT NULL,
  `product_name` varchar(64) NOT NULL COMMENT '商品名称',
  `product_price` decimal(8,2) NOT NULL COMMENT '单价',
  `product_stock` int(11) NOT NULL COMMENT '库存',
  `product_description` varchar(64) DEFAULT NULL COMMENT '描述',
  `product_icon` varchar(512) DEFAULT NULL COMMENT '小图',
  `product_status` tinyint(3) DEFAULT '0' COMMENT '商品状态0正常1下架',
  `category_type` int(11) NOT NULL COMMENT '类目编号',
  `create_time` timestamp NOT NULL DEFAULT CURRENT_TIMESTAMP COMMENT '创建时间',
  `update_time` timestamp NOT NULL DEFAULT CURRENT_TIMESTAMP ON UPDATE CURRENT_TIMESTAMP COMMENT '修改时间',
  PRIMARY KEY (`product_id`)
) ENGINE=InnoDB DEFAULT CHARSET=utf8mb4 COMMENT='商品表 ';

-- 正在导出表  sell.product_info 的数据：~4 rows (大约)
/*!40000 ALTER TABLE `product_info` DISABLE KEYS */;
INSERT IGNORE INTO `product_info` (`product_id`, `product_name`, `product_price`, `product_stock`, `product_description`, `product_icon`, `product_status`, `category_type`, `create_time`, `update_time`) VALUES
	('1', '土豆丝', 0.01, 74, '好吃的土豆丝', 'http://img95.699pic.com/photo/50008/2463.jpg_wh300.jpg', 0, 1, '2019-01-24 11:35:57', '2019-05-19 10:32:14'),
	('1549529208813110193', '鸡翅', 0.01, 90, '好吃的鸡翅', 'http://img95.699pic.com/photo/50099/8476.jpg_wh300.jpg', 0, 2, '2019-02-07 16:42:35', '2019-05-04 12:50:30'),
	('1558232980663202802', ' 土豆丝', 0.01, 12, '土豆丝', 'http://img95.699pic.com/photo/50008/2463.jpg_wh300.jpg', 0, 1, '2019-05-19 10:29:37', '2019-05-19 10:29:37'),
	('2', '皮皮虾', 0.01, 122, '很好吃的虾', 'http://img95.699pic.com/photo/50062/1545.jpg_wh300.jpg', 0, 3, '2019-01-24 11:36:47', '2019-05-19 10:27:22');
/*!40000 ALTER TABLE `product_info` ENABLE KEYS */;

-- 导出  表 sell.seller_info 结构
CREATE TABLE IF NOT EXISTS `seller_info` (
  `seller_id` varchar(32) NOT NULL,
  `username` varchar(32) NOT NULL,
  `password` varchar(32) NOT NULL,
  `openid` varchar(64) NOT NULL COMMENT '微信openid',
  `create_time` timestamp NOT NULL DEFAULT CURRENT_TIMESTAMP COMMENT '创建时间',
  `update_time` timestamp NOT NULL DEFAULT CURRENT_TIMESTAMP ON UPDATE CURRENT_TIMESTAMP COMMENT '修改时间',
  PRIMARY KEY (`seller_id`)
) ENGINE=InnoDB DEFAULT CHARSET=utf8mb4 COMMENT='卖家信息表';

-- 正在导出表  sell.seller_info 的数据：~1 rows (大约)
/*!40000 ALTER TABLE `seller_info` DISABLE KEYS */;
INSERT IGNORE INTO `seller_info` (`seller_id`, `username`, `password`, `openid`, `create_time`, `update_time`) VALUES
	('1549591752148328949', 'admin', 'admin', 'o9AREv9TTH5rI3hMbF93YGjzo9kQ', '2019-02-08 10:09:03', '2019-02-16 13:07:28');
/*!40000 ALTER TABLE `seller_info` ENABLE KEYS */;

/*!40101 SET SQL_MODE=IFNULL(@OLD_SQL_MODE, '') */;
/*!40014 SET FOREIGN_KEY_CHECKS=IF(@OLD_FOREIGN_KEY_CHECKS IS NULL, 1, @OLD_FOREIGN_KEY_CHECKS) */;
/*!40101 SET CHARACTER_SET_CLIENT=@OLD_CHARACTER_SET_CLIENT */;
